Identical plays,Avg,Stdev,Relative Stdev
9401,0.9401,23.730147492166996,0.0023730147492166996
